{
  "hypothesis": "HYP_GLV_SEMAEV_001",
  "variant": "invariant-u",
  "params": {
    "seed": 1,
    "coord": "u=x^3",
    "settings": [
      [
        20,
        256
      ],
      [
        20,
        512
      ],
      [
        20,
        1024
      ],
      [
        20,
        2048
      ],
      [
        16,
        256
      ],
      [
        24,
        2000
      ],
      [
        16,
        64
      ],
      [
        24,
        1024
      ],
      [
        24,
        128
      ],
      [
        24,
        256
      ],
      [
        24,
        512
      ],
      [
        24,
        1024
      ]
    ]
  },
  "code_hashes": {
    "variant_invariant.py": "fe73183184fa4f1fd089c7867ef5fff447ad0676aed22ce8cce5f7972677c83a",
    "semaev_core.py": "8e17a5bc6168a46b18d88f0511d770b956bfbf0c22421285c8ba4ede9c76ca1b",
    "toy_curves.py": "e8d46d14f3ac533def69836e161a8f174fc1cedc66fe74932ba691b11d6d4906",
    "manifest.py": "7d2349bb23b6c38328ccf528c978ab7b3f8b51997c68da206b643d4630e95e4d"
  },
  "tools": {
    "python": "3.11.15",
    "platform": "Linux-6.18.5-x86_64-with-glibc2.39",
    "sympy": "1.14.0",
    "flint": "0.9.0",
    "galois": "0.4.11",
    "numpy": "2.4.6"
  },
  "results": {
    "measurements": [
      {
        "bits": 20,
        "p": 1048609,
        "b": 29,
        "ell": 1047379,
        "cofactor": 1,
        "sqrt_p": 1024,
        "base_size": 256,
        "B_eff_distinct_u": 256,
        "n_pairs": 32640,
        "n_keys": 54637,
        "trials": 4000,
        "verified_relations": 1270,
        "hits": 1270,
        "yield": 0.3175,
        "yield_over_Beff2_over_p": 5.080159873962402,
        "yield_over_B2_over_p": 5.080159873962402,
        "base_time_s": 0.0203,
        "dict_time_s": 0.0818,
        "trials_time_s": 0.1315,
        "example_relation": {
          "k": 215561,
          "i": 72,
          "j": 242,
          "twist_m": 2,
          "e_i": 1,
          "e_j": -1,
          "P_i": [
            148,
            315555
          ],
          "P_j": [
            515,
            340607
          ],
          "phi_m_P_i": [
            844265,
            315555
          ],
          "phi_m_P_j": [
            876022,
            340607
          ],
          "R": [
            386276,
            771641
          ]
        }
      },
      {
        "bits": 20,
        "p": 1048609,
        "b": 29,
        "ell": 1047379,
        "cofactor": 1,
        "sqrt_p": 1024,
        "base_size": 512,
        "B_eff_distinct_u": 512,
        "n_pairs": 130816,
        "n_keys": 135498,
        "trials": 4000,
        "verified_relations": 3102,
        "hits": 3102,
        "yield": 0.7755,
        "yield_over_Beff2_over_p": 3.102097623825073,
        "yield_over_B2_over_p": 3.102097623825073,
        "base_time_s": 0.0405,
        "dict_time_s": 0.3906,
        "trials_time_s": 0.1462,
        "example_relation": {
          "k": 598078,
          "i": 173,
          "j": 260,
          "twist_m": 2,
          "e_i": -1,
          "e_j": -1,
          "P_i": [
            352,
            313370
          ],
          "P_j": [
            548,
            39712
          ],
          "phi_m_P_i": [
            647624,
            313370
          ],
          "phi_m_P_j": [
            150280,
            39712
          ],
          "R": [
            316546,
            1038990
          ]
        }
      },
      {
        "bits": 20,
        "p": 1048609,
        "b": 29,
        "ell": 1047379,
        "cofactor": 1,
        "sqrt_p": 1024,
        "base_size": 1024,
        "B_eff_distinct_u": 1022,
        "n_pairs": 523776,
        "n_keys": 174156,
        "trials": 4000,
        "verified_relations": 3989,
        "hits": 3989,
        "yield": 0.99725,
        "yield_over_Beff2_over_p": 1.0011884578892545,
        "yield_over_B2_over_p": 0.9972813847064972,
        "base_time_s": 0.0756,
        "dict_time_s": 1.5887,
        "trials_time_s": 0.1492,
        "example_relation": {
          "k": 311844,
          "i": 24,
          "j": 37,
          "twist_m": 2,
          "e_i": -1,
          "e_j": -1,
          "P_i": [
            45,
            76754
          ],
          "P_j": [
            79,
            172441
          ],
          "phi_m_P_i": [
            249617,
            76754
          ],
          "phi_m_P_j": [
            741148,
            172441
          ],
          "R": [
            459657,
            172391
          ]
        }
      },
      {
        "bits": 20,
        "p": 1048609,
        "b": 29,
        "ell": 1047379,
        "cofactor": 1,
        "sqrt_p": 1024,
        "base_size": 2048,
        "B_eff_distinct_u": 2042,
        "n_pairs": 2096128,
        "n_keys": 174563,
        "trials": 4000,
        "verified_relations": 4000,
        "hits": 4000,
        "yield": 1.0,
        "yield_over_Beff2_over_p": 0.25147922040671844,
        "yield_over_B2_over_p": 0.25000786781311035,
        "base_time_s": 0.1507,
        "dict_time_s": 6.5678,
        "trials_time_s": 0.1448,
        "example_relation": {
          "k": 883368,
          "i": 30,
          "j": 647,
          "twist_m": 2,
          "e_i": -1,
          "e_j": -1,
          "P_i": [
            64,
            149728
          ],
          "P_j": [
            1278,
            214317
          ],
          "phi_m_P_i": [
            308406,
            149728
          ],
          "phi_m_P_j": [
            587747,
            214317
          ],
          "R": [
            1004982,
            492323
          ]
        }
      },
      {
        "bits": 16,
        "p": 65539,
        "b": 11,
        "ell": 65287,
        "cofactor": 1,
        "sqrt_p": 256,
        "base_size": 256,
        "B_eff_distinct_u": 253,
        "n_pairs": 32640,
        "n_keys": 10854,
        "trials": 4000,
        "verified_relations": 3985,
        "hits": 3985,
        "yield": 0.99625,
        "yield_over_Beff2_over_p": 1.0200632528238216,
        "yield_over_B2_over_p": 0.9962956047058105,
        "base_time_s": 0.0062,
        "dict_time_s": 0.0698,
        "trials_time_s": 0.1017,
        "example_relation": {
          "k": 14272,
          "i": 25,
          "j": 244,
          "twist_m": 1,
          "e_i": 1,
          "e_j": 1,
          "P_i": [
            66,
            13465
          ],
          "P_j": [
            494,
            1412
          ],
          "phi_m_P_i": [
            8415,
            13465
          ],
          "phi_m_P_j": [
            62985,
            1412
          ],
          "R": [
            40640,
            14376
          ]
        }
      },
      {
        "bits": 24,
        "p": 16777291,
        "b": 4,
        "ell": 5593801,
        "cofactor": 3,
        "sqrt_p": 4096,
        "base_size": 2000,
        "B_eff_distinct_u": 2000,
        "n_pairs": 1999000,
        "n_keys": 2128125,
        "trials": 4000,
        "verified_relations": 3018,
        "hits": 3018,
        "yield": 0.7545,
        "yield_over_Beff2_over_p": 3.164616514875,
        "yield_over_B2_over_p": 3.164616514875,
        "base_time_s": 0.2224,
        "dict_time_s": 9.0717,
        "trials_time_s": 0.1669,
        "example_relation": {
          "k": 3345128,
          "i": 209,
          "j": 1381,
          "twist_m": 2,
          "e_i": 1,
          "e_j": 1,
          "P_i": [
            399,
            6881595
          ],
          "P_j": [
            2709,
            8304034
          ],
          "phi_m_P_i": [
            1840960,
            6881595
          ],
          "phi_m_P_j": [
            2785981,
            8304034
          ],
          "R": [
            4098277,
            9323178
          ]
        }
      },
      {
        "bits": 16,
        "p": 65539,
        "b": 11,
        "ell": 65287,
        "cofactor": 1,
        "sqrt_p": 256,
        "base_size": 64,
        "B_eff_distinct_u": 64,