{
  "hypothesis": "HYP_GLV_SEMAEV_001",
  "variant": "plain-core",
  "params": {
    "seed": 1,
    "settings": [
      [
        20,
        256
      ],
      [
        20,
        512
      ],
      [
        20,
        1024
      ],
      [
        20,
        2048
      ],
      [
        16,
        256
      ],
      [
        24,
        2000
      ],
      [
        16,
        64
      ],
      [
        24,
        1024
      ]
    ]
  },
  "code_hashes": {
    "semaev_core.py": "8e17a5bc6168a46b18d88f0511d770b956bfbf0c22421285c8ba4ede9c76ca1b",
    "toy_curves.py": "e8d46d14f3ac533def69836e161a8f174fc1cedc66fe74932ba691b11d6d4906",
    "manifest.py": "7d2349bb23b6c38328ccf528c978ab7b3f8b51997c68da206b643d4630e95e4d"
  },
  "tools": {
    "python": "3.11.15",
    "platform": "Linux-6.18.5-x86_64-with-glibc2.39",
    "sympy": "1.14.0",
    "flint": "0.9.0",
    "galois": "0.4.11",
    "numpy": "2.4.6"
  },
  "results": {
    "measurements": [
      {
        "bits": 20,
        "p": 1048609,
        "b": 29,
        "ell": 1047379,
        "cofactor": 1,
        "sqrt_p": 1024,
        "base_size": 256,
        "n_pairs": 32640,
        "n_keys": 61425,
        "trials": 4000,
        "verified_relations": 463,
        "hits": 463,
        "yield": 0.11575,
        "yield_over_B2_over_p": 1.8520582847595215,
        "base_time_s": 0.0188,
        "dict_time_s": 0.0759,
        "trials_time_s": 0.121,
        "example_relation": {
          "k": 462515,
          "i": 101,
          "j": 196,
          "e_i": -1,
          "e_j": 1,
          "P_i": [
            216,
            422690
          ],
          "P_j": [
            408,
            132932
          ],
          "R": [
            828645,
            83214
          ]
        }
      },
      {
        "bits": 20,
        "p": 1048609,
        "b": 29,
        "ell": 1047379,
        "cofactor": 1,
        "sqrt_p": 1024,
        "base_size": 512,
        "n_pairs": 130816,
        "n_keys": 205836,
        "trials": 4000,
        "verified_relations": 1537,
        "hits": 1537,
        "yield": 0.38425,
        "yield_over_B2_over_p": 1.5370483713150023,
        "base_time_s": 0.0362,
        "dict_time_s": 0.3434,
        "trials_time_s": 0.1333,
        "example_relation": {
          "k": 719011,
          "i": 408,
          "j": 511,
          "e_i": -1,
          "e_j": -1,
          "P_i": [
            855,
            305605
          ],
          "P_j": [
            1041,
            206866
          ],
          "R": [
            796850,
            455626
          ]
        }
      },
      {
        "bits": 20,
        "p": 1048609,
        "b": 29,
        "ell": 1047379,
        "cofactor": 1,
        "sqrt_p": 1024,
        "base_size": 1024,
        "n_pairs": 523776,
        "n_keys": 453412,
        "trials": 4000,
        "verified_relations": 3510,
        "hits": 3510,
        "yield": 0.8775,
        "yield_over_B2_over_p": 0.8775276160240173,
        "base_time_s": 0.0711,
        "dict_time_s": 1.6113,
        "trials_time_s": 0.1385,
        "example_relation": {
          "k": 311844,
          "i": 213,
          "j": 733,
          "e_i": 1,
          "e_j": 1,
          "P_i": [
            452,
            417958
          ],
          "P_j": [
            1447,
            285901
          ],
          "R": [
            459657,
            172391
          ]
        }
      },
      {
        "bits": 20,
        "p": 1048609,
        "b": 29,
        "ell": 1047379,
        "cofactor": 1,
        "sqrt_p": 1024,
        "base_size": 2048,
        "n_pairs": 2096128,
        "n_keys": 523511,
        "trials": 4000,
        "verified_relations": 3999,
        "hits": 3999,
        "yield": 0.99975,
        "yield_over_B2_over_p": 0.2499453658461571,
        "base_time_s": 0.1534,
        "dict_time_s": 6.7091,
        "trials_time_s": 0.137,
        "example_relation": {
          "k": 883368,
          "i": 277,
          "j": 446,
          "e_i": -1,
          "e_j": -1,
          "P_i": [
            580,
            1058
          ],
          "P_j": [
            926,
            262692
          ],
          "R": [
            1004982,
            492323
          ]
        }
      },
      {
        "bits": 16,
        "p": 65539,
        "b": 11,
        "ell": 65287,
        "cofactor": 1,
        "sqrt_p": 256,
        "base_size": 256,
        "n_pairs": 32640,
        "n_keys": 28362,
        "trials": 4000,
        "verified_relations": 3478,
        "hits": 3478,
        "yield": 0.8695,
        "yield_over_B2_over_p": 0.8695398025512696,
        "base_time_s": 0.0055,
        "dict_time_s": 0.0711,
        "trials_time_s": 0.0924,
        "example_relation": {
          "k": 14272,
          "i": 28,
          "j": 137,
          "e_i": -1,
          "e_j": 1,
          "P_i": [
            72,
            12499
          ],
          "P_j": [
            280,
            18277
          ],
          "R": [
            40640,
            14376
          ]
        }
      },
      {
        "bits": 24,
        "p": 16777291,
        "b": 4,
        "ell": 5593801,
        "cofactor": 3,
        "sqrt_p": 4096,
        "base_size": 2000,
        "n_pairs": 1999000,
        "n_keys": 3183136,
        "trials": 4000,
        "verified_relations": 1545,
        "hits": 1545,
        "yield": 0.38625,
        "yield_over_B2_over_p": 1.6200571621875,
        "base_time_s": 0.214,
        "dict_time_s": 8.2673,
        "trials_time_s": 0.1557,
        "example_relation": {
          "k": 4381947,
          "i": 1156,
          "j": 1813,
          "e_i": 1,
          "e_j": -1,
          "P_i": [
            2251,
            5523653
          ],
          "P_j": [
            3573,
            7427762
          ],
          "R": [
            6556404,
            717230
          ]
        }
      },
      {
        "bits": 16,
        "p": 65539,
        "b": 11,
        "ell": 65287,
        "cofactor": 1,
        "sqrt_p": 256,
        "base_size": 64,
        "n_pairs": 2016,
        "n_keys": 3825,
        "trials": 4000,
        "verified_relations": 478,
        "hits": 478,
        "yield": 0.1195,
        "yield_over_B2_over_p": 1.9120875244140625,
        "base_time_s": 0.0017,
        "dict_time_s": 0.0039,
        "trials_time_s": 0.0862,
        "example_relation": {
          "k": 5573,
          "i": 10,
          "j": 11,
          "e_i": -1,
          "e_j": 1,
          "P_i": [
            28,
            10516
          ],
          "P_j": [
            29,
            24259
          ],
          "R": [
            40479,
            56087
          ]
        }
      },
      {
        "bits": 24,
        "p": 16777291,
        "b": 4,
        "ell": 5593801,
        "cofactor": 3,
        "sqrt_p": 4096,
        "base_size": 1024,
        "n_pairs": 523776,
        "n_keys": 984432,
        "trials": 4000,
        "verified_relations": 499,
        "hits": 499,
        "yield": 0.12475,
        "yield_over_B2_over_p": 1.9960089228153228,
        "base_time_s": 0.1094,
        "dict_time_s": 1.4202,
        "trials_time_s": 0.1549,
        "example_relation": {
          "k": 173691,
          "i": 294,
          "j": 653,
          "e_i": -1,
          "e_j": 1,
          "P_i": [
            563,
            2926184
          ],
          "P_j": [
            1282,
            225600
          ],
          "R": [
            12847691,
            7754406
          ]
        }
      }
    ],
    "law_fit": {
      "c": 1.7834520530982818,
      "n_unsaturated": 5,
      "B_exponents_by_bits": {
        "20": 1.7310330664305345,
        "24": 1.6882601460272895
      }
    }
  },
  "timestamp": "2026-07-11T00:00:00Z",
  "results_hash": "cd687405fea02c82b7f422efb7759303beb8ccb4acac713225d25d8fa89cf556"
}